<?xml version="1.0" encoding="UTF-8"?>
<project-private xmlns="http://www.netbeans.org/ns/project-private/1">
    <editor-bookmarks xmlns="http://www.netbeans.org/ns/editor-bookmarks/2" lastBookmarkId="0"/>
    <open-files xmlns="http://www.netbeans.org/ns/projectui-open-files/2">
        <group>
            <file>file:/C:/Users/Proprio/Documents/New%20Briefcase/UQAM/NetBeans%20Documents/INF2015%20-%20Projet%20de%20session/src/inf2015ProjetDeSession/Employe.java</file>
            <file>file:/C:/Users/Proprio/Documents/New%20Briefcase/UQAM/NetBeans%20Documents/INF2015%20-%20Projet%20de%20session/src/inf2015ProjetDeSession/StructureJson.java</file>
            <file>file:/C:/Users/Proprio/Documents/New%20Briefcase/UQAM/NetBeans%20Documents/INF2015%20-%20Projet%20de%20session/src/inf2015ProjetDeSession/INF2015ProjetDeSession.java</file>
            <file>file:/C:/Users/Proprio/Documents/New%20Briefcase/UQAM/NetBeans%20Documents/INF2015%20-%20Projet%20de%20session/pom.xml</file>
        </group>
    </open-files>
</project-private>
